{"_timestamp":1.7346770271610184e+09,"_step":107879,"batch/accuracy":0.7111358642578125,"_runtime":10709.479580281,"epoch/accuracy":0.7111358642578125,"_wandb":{"runtime":10712},"epoch/val_loss":1.1247155666351318,"epoch/learning_rate":0.0003213047457393259,"batch/batch_step":107759,"epoch/loss":0.7716072797775269,"batch/learning_rate":0.0003213047457393259,"epoch/epoch":119,"batch/loss":0.7716073393821716,"epoch/val_accuracy":0.6348565220832825}