epoch,accuracy,loss,val_accuracy,val_loss
0,0.3883139193058014,1.633066177368164,0.4201434254646301,1.5861093997955322
