{"epoch/val_loss":1.3697540760040283,"epoch/accuracy":0.8531819581985474,"_step":53999,"epoch/learning_rate":5.668374797096476e-05,"batch/accuracy":0.8531819581985474,"_timestamp":1.735322582531867e+09,"epoch/loss":0.4426385760307312,"_runtime":5286.564521029,"epoch/epoch":119,"batch/learning_rate":5.668374797096476e-05,"epoch/val_accuracy":0.6706603765487671,"batch/batch_step":53879,"_wandb":{"runtime":5286},"batch/loss":0.4426385760307312}