{"epoch/loss":0.7738993167877197,"epoch/accuracy":0.7205606698989868,"_runtime":17190.523522941,"batch/learning_rate":7.844670471968129e-05,"epoch/val_loss":0.9569030404090881,"_wandb":{"runtime":17191},"_timestamp":1.7351386516014404e+09,"batch/loss":0.7738993167877197,"epoch/epoch":119,"epoch/learning_rate":7.844670471968129e-05,"epoch/val_accuracy":0.6766623258590698,"_step":23159,"batch/accuracy":0.7205606698989868,"batch/batch_step":23039}