{"_wandb":{"runtime":5579},"batch/learning_rate":5.668374797096476e-05,"epoch/val_loss":1.2946287393569946,"epoch/learning_rate":5.668374797096476e-05,"epoch/loss":0.44546931982040405,"epoch/epoch":119,"batch/accuracy":0.8406423330307007,"_step":53999,"_timestamp":1.7351510732408159e+09,"batch/loss":0.44546931982040405,"batch/batch_step":53879,"epoch/val_accuracy":0.6571468114852905,"epoch/accuracy":0.8406423330307007,"_runtime":5579.065849003}