epoch,accuracy,loss,val_accuracy,val_loss
0,0.25647008419036865,1.8358961343765259,0.30844247341156006,1.7178181409835815
