{"epoch/val_accuracy":0.5895792841911316,"_runtime":5380.021865219,"epoch/val_loss":1.14747953414917,"batch/batch_step":53879,"epoch/epoch":119,"_timestamp":1.7352953625904644e+09,"_wandb":{"runtime":5380},"batch/loss":0.8711943626403809,"epoch/loss":0.8711943626403809,"epoch/accuracy":0.6723327040672302,"batch/learning_rate":5.668374797096476e-05,"_step":53999,"batch/accuracy":0.6723327040672302,"epoch/learning_rate":5.668374797096476e-05}