{"epoch/epoch":119,"_wandb":{"runtime":10334},"_timestamp":1.7353705995268602e+09,"batch/learning_rate":3.720587847055867e-05,"epoch/accuracy":0.9568600058555603,"batch/loss":0.18575556576251984,"batch/accuracy":0.9568599462509155,"epoch/loss":0.18575556576251984,"batch/batch_step":93839,"epoch/learning_rate":3.720587847055867e-05,"_step":93959,"_runtime":10334.724497413,"epoch/val_loss":0.7912620902061462,"epoch/val_accuracy":0.8291000127792358}