{"batch/learning_rate":6.153885624371469e-05,"_timestamp":1.7350481132967107e+09,"_runtime":16274.876779842,"epoch/val_accuracy":0.6750326156616211,"epoch/loss":0.6774652004241943,"epoch/accuracy":0.7547876834869385,"epoch/val_loss":0.9998459219932556,"epoch/learning_rate":6.153885624371469e-05,"_step":46199,"batch/batch_step":46079,"_wandb":{"runtime":16274},"batch/loss":0.6774652600288391,"batch/accuracy":0.7547877430915833,"epoch/epoch":119}