{"epoch/val_loss":0.9912510514259338,"_timestamp":1.7350283141316962e+09,"batch/loss":0.457579106092453,"batch/learning_rate":6.153885624371469e-05,"_step":46199,"epoch/learning_rate":6.153885624371469e-05,"epoch/accuracy":0.8328579664230347,"_runtime":16201.655416179,"_wandb":{"runtime":16201},"batch/batch_step":46079,"epoch/loss":0.457579106092453,"epoch/epoch":119,"batch/accuracy":0.8328579664230347,"epoch/val_accuracy":0.7099087238311768}