{"epoch/accuracy":0.8187327980995178,"epoch/epoch":119,"batch/batch_step":107759,"epoch/loss":0.48613229393959045,"_timestamp":1.7346881854366813e+09,"batch/loss":0.48613229393959045,"_step":107879,"_runtime":8775.75965239,"epoch/val_accuracy":0.6489272713661194,"_wandb":{"runtime":8775},"batch/learning_rate":0.0003213047457393259,"batch/accuracy":0.8187327980995178,"epoch/val_loss":1.2539323568344116,"epoch/learning_rate":0.0003213047457393259}