{"_step":53999,"batch/accuracy":0.6600369215011597,"batch/loss":0.9033884406089783,"batch/learning_rate":5.668374797096476e-05,"epoch/val_accuracy":0.6336026787757874,"epoch/loss":0.9033884406089783,"_wandb":{"runtime":5825},"batch/batch_step":53879,"epoch/accuracy":0.6600369215011597,"_timestamp":1.735309094321842e+09,"epoch/epoch":119,"_runtime":5825.527950058,"epoch/learning_rate":5.668374797096476e-05,"epoch/val_loss":0.9983818531036377}