{"batch/batch_step":93839,"_runtime":11131.227584389,"epoch/val_loss":0.6801159381866455,"epoch/accuracy":0.9509199857711792,"_step":93959,"epoch/val_accuracy":0.8313999772071838,"_timestamp":1.73498143947269e+09,"batch/accuracy":0.9509199857711792,"batch/learning_rate":3.720587847055867e-05,"epoch/loss":0.1430920660495758,"epoch/learning_rate":3.720587847055867e-05,"_wandb":{"runtime":11131},"epoch/epoch":119,"batch/loss":0.1430920660495758}