{"epoch/epoch":119,"batch/loss":0.7343023419380188,"batch/learning_rate":7.844670471968129e-05,"epoch/accuracy":0.7339255213737488,"epoch/val_loss":1.0981391668319702,"_wandb":{"runtime":17368},"epoch/learning_rate":7.844670471968129e-05,"_runtime":17368.055907858,"_timestamp":1.7351145959151e+09,"epoch/loss":0.7343023419380188,"_step":23159,"epoch/val_accuracy":0.6199478507041931,"batch/accuracy":0.7339255213737488,"batch/batch_step":23039}