{"_wandb":{"runtime":299},"epoch/val_loss":1.5861093997955322,"batch/accuracy":0.3883139193058014,"_step":384,"epoch/val_accuracy":0.4201434254646301,"batch/batch_step":383,"batch/learning_rate":0.0009959624148905277,"epoch/learning_rate":0.0009959624148905277,"batch/loss":1.633066177368164,"epoch/epoch":0,"_timestamp":1.7346247634648106e+09,"epoch/accuracy":0.3883139193058014,"epoch/loss":1.633066177368164,"_runtime":297.869020906}