{"_runtime":286.254342813,"_wandb":{"runtime":287},"epoch/learning_rate":9.959623275790364e-05,"epoch/val_accuracy":0.3868969976902008,"batch/loss":1.6370177268981934,"_step":384,"epoch/val_loss":1.6171334981918335,"epoch/epoch":0,"epoch/loss":1.6370176076889038,"epoch/accuracy":0.3846467137336731,"batch/learning_rate":9.959623275790364e-05,"batch/batch_step":383,"batch/accuracy":0.3846467435359955,"_timestamp":1.7351211066478157e+09}