{"batch/learning_rate":7.844670471968129e-05,"epoch/val_accuracy":0.7923728823661804,"_runtime":17511.433938049,"epoch/accuracy":0.9383098483085632,"epoch/val_loss":0.7882025241851807,"batch/loss":0.1816491037607193,"_step":23159,"epoch/epoch":119,"epoch/learning_rate":7.844670471968129e-05,"batch/batch_step":23039,"_timestamp":1.7352838725393188e+09,"batch/accuracy":0.9383098483085632,"_wandb":{"runtime":17511},"epoch/loss":0.1816491037607193}