{"_step":53999,"batch/learning_rate":5.668374797096476e-05,"_runtime":5538.399564462,"epoch/accuracy":0.8647810816764832,"epoch/epoch":119,"epoch/val_accuracy":0.6671774983406067,"batch/accuracy":0.8647810816764832,"epoch/loss":0.3760274052619934,"batch/loss":0.3760274052619934,"epoch/learning_rate":5.668374797096476e-05,"_timestamp":1.7350083734172873e+09,"_wandb":{"runtime":5538},"epoch/val_loss":1.222204566001892,"batch/batch_step":53879}