{"batch/accuracy":0.23295830190181732,"_runtime":296.065454553,"epoch/accuracy":0.23295830190181732,"epoch/learning_rate":0.0009905833285301924,"epoch/val_loss":3.6610186100006104,"batch/learning_rate":0.0009905833285301924,"_step":898,"_timestamp":1.7346654484279046e+09,"epoch/loss":2.1717538833618164,"epoch/epoch":0,"_wandb":{"runtime":298},"batch/loss":2.1717538833618164,"epoch/val_accuracy":0.24742268025875092,"batch/batch_step":897}