epoch,accuracy,loss,val_accuracy,val_loss
0,0.3846467137336731,1.6370176076889038,0.3868969976902008,1.6171334981918335
