{"epoch/val_accuracy":0.6571468114852905,"batch/accuracy":0.8192204833030701,"_step":107879,"epoch/epoch":119,"batch/loss":0.4926554560661316,"batch/batch_step":107759,"batch/learning_rate":0.0003213047457393259,"epoch/learning_rate":0.0003213047457393259,"epoch/val_loss":1.2654770612716675,"_runtime":8586.459630336,"epoch/accuracy":0.8192204833030701,"epoch/loss":0.4926554560661316,"_timestamp":1.7346341222358851e+09,"_wandb":{"runtime":8589}}