epoch,accuracy,loss,val_accuracy,val_loss
0,0.3814685046672821,1.6510934829711914,0.3497392535209656,1.6722943782806396
