{"epoch/learning_rate":9.979790775105357e-05,"epoch/epoch":0,"epoch/val_accuracy":0.3497392535209656,"batch/accuracy":0.3814685046672821,"epoch/val_loss":1.6722943782806396,"_timestamp":1.7351810869119887e+09,"_runtime":289.121628158,"batch/loss":1.6510934829711914,"epoch/loss":1.6510934829711914,"batch/batch_step":191,"batch/learning_rate":9.979790775105357e-05,"_wandb":{"runtime":289},"_step":192,"epoch/accuracy":0.3814685046672821}