epoch,accuracy,loss,val_accuracy,val_loss
0,0.23295830190181732,2.1717538833618164,0.24742268025875092,3.6610186100006104
