{"batch/loss":0.09536240994930267,"batch/accuracy":0.9855599999427795,"_runtime":10573.776692529,"epoch/accuracy":0.9855599999427795,"_timestamp":1.7354633219659984e+09,"_step":93959,"epoch/val_loss":0.8433991074562073,"_wandb":{"runtime":10573},"epoch/val_accuracy":0.8382999897003174,"batch/batch_step":93839,"epoch/loss":0.09536240994930267,"batch/learning_rate":3.720587847055867e-05,"epoch/epoch":119,"epoch/learning_rate":3.720587847055867e-05}