{"epoch/val_loss":1.551803469657898,"_step":53999,"epoch/val_accuracy":0.6723321080207825,"epoch/accuracy":0.9126406311988831,"_timestamp":1.7354723976810992e+09,"epoch/loss":0.298678457736969,"epoch/epoch":119,"_runtime":5235.41993752,"epoch/learning_rate":5.668374797096476e-05,"_wandb":{"runtime":5235},"batch/learning_rate":5.668374797096476e-05,"batch/accuracy":0.9126406311988831,"batch/loss":0.298678457736969,"batch/batch_step":53879}