{"epoch/accuracy":0.25647008419036865,"_wandb":{"runtime":243},"_timestamp":1.7346253177102008e+09,"epoch/learning_rate":0.0009905833285301924,"epoch/val_loss":1.7178181409835815,"batch/accuracy":0.25647008419036865,"_runtime":241.306629474,"batch/loss":1.8358961343765259,"epoch/val_accuracy":0.30844247341156006,"batch/batch_step":897,"epoch/loss":1.8358961343765259,"batch/learning_rate":0.0009905833285301924,"epoch/epoch":0,"_step":898}