{"_runtime":10822.491944602,"batch/loss":0.3356482684612274,"_wandb":{"runtime":10822},"epoch/val_loss":0.9148356318473816,"epoch/accuracy":0.9776399731636047,"epoch/val_accuracy":0.8532999753952026,"epoch/epoch":119,"epoch/learning_rate":3.720587847055867e-05,"batch/learning_rate":3.720587847055867e-05,"epoch/loss":0.3356482684612274,"batch/accuracy":0.9776399731636047,"batch/batch_step":93839,"_timestamp":1.7355044541544588e+09,"_step":93959}