epoch,accuracy,loss,val_accuracy,val_loss
0,0.3779643177986145,1.6493878364562988,0.36668840050697327,1.6345330476760864
