{"epoch/val_loss":1.6345330476760864,"epoch/accuracy":0.3779643177986145,"epoch/epoch":0,"epoch/learning_rate":9.979790775105357e-05,"batch/learning_rate":9.979790775105357e-05,"_runtime":268.19011994,"batch/batch_step":191,"batch/loss":1.6493879556655884,"epoch/loss":1.6493878364562988,"_wandb":{"runtime":268},"epoch/val_accuracy":0.36668840050697327,"_timestamp":1.7351420192804077e+09,"batch/accuracy":0.3779643177986145,"_step":192}