{"batch/learning_rate":5.668374797096476e-05,"epoch/learning_rate":5.668374797096476e-05,"batch/batch_step":53879,"epoch/val_loss":1.1947625875473022,"epoch/epoch":119,"epoch/loss":0.5991050004959106,"_timestamp":1.7355201439479191e+09,"epoch/val_accuracy":0.6292839050292969,"_runtime":5493.742100938,"batch/accuracy":0.7763419151306152,"batch/loss":0.5991050004959106,"epoch/accuracy":0.7763419151306152,"_step":53999,"_wandb":{"runtime":5493}}